{
    "list": [{
        "title": "政务决策案例",
        "value": "555,66"
    }, {
        "title": "商务案例库",
        "value": "555,66"
    }, {
        "title": "案例分析库",
        "value": "555,66"
    }, {
        "title": "综合案例数据库",
        "value": "555,66"
    }],
         "typeintro":"作为主体的民众对作为客体的社会管理者、企业、个人及其他各类组织及其政治、社会、道德等方面的取向产生和持有的社会态度。它是较多群众关于社会中各种现象、问题所表达的信念、态度、意见和情绪等等表现的总和。",
    "typetitle":"外文数据库"
}
