{
    "list": [{
        "title": "婚姻继承",
        "value": "555,66"
    }, {
        "title": "民商案例",
        "value": "555,66"
    }, {
        "title": "消费维权",
        "value": "555,66"
    }, {
        "title": "刑事案例",
        "value": "555,66"
    }, {
        "title": "医疗纠纷",
        "value": "555,66"
    }, {
        "title": "知识产权",
        "value": "555,66"
    }, {
        "title": "最高院判例",
        "value": "555,66"
    }, {
        "title": "行政案例",
        "value": "555,66"
    }],
     "typeintro":"作为主体的民众对作为客体的社会管理者、企业、个人及其他各类组织及其政治、社会、道德等方面的取向产生和持有的社会态度。它是较多群众关于社会中各种现象、问题所表达的信念、态度、意见和情绪等等表现的总和。",
    "typetitle":"政情数据库"


}
