{
    "list": [{
        "title": "地方公务员库",
        "value": "555,66"
    }, {
        "title": "高级公务员库",
        "value": "555,66"
    }, {
        "title": "全国人大公务员库",
        "value": "555,66"
    }, {
        "title": "全国政协公务员库",
        "value": "555,66"
    }, {
        "title": "社会团体公务员库",
        "value": "555,66"
    }, {
        "title": "中央机构公务员库",
        "value": "555,66"
    }, {
        "title": "部委动态",
        "value": "555,66"
    }, {
        "title": "政府公报",
        "value": "555,66"
    }],
         "typeintro":"作为主体的民众对作为客体的社会管理者、企业、个人及其他各类组织及其政治、社会、道德等方面的取向产生和持有的社会态度。它是较多群众关于社会中各种现象、问题所表达的信念、态度、意见和情绪等等表现的总和。",
    "typetitle":"政情舆论库"

}
