{
    
    "list": [{
        "title": "地方舆情",
        "value": "555,66"
    }, {
        "title": "旅游舆情",
        "value": "555,66"
    }, {
        "title": "国际舆情",
        "value": "555,66"
    }, {
        "title": "名人舆情",
        "value": "555,66"
    }, {
        "title": "农业舆情",
        "value": "555,66"
    }, {
        "title": "舆情分析",
        "value": "555,66"
    }, {
        "title": "企业舆情",
        "value": "555,66"
    }, {
        "title": "舆情案例",
        "value": "555,66"
    }, {
        "title": "舆情报告",
        "value": "555,66"
    }, {
        "title": "舆情调研",
        "value": "555,66"
    }], 
        "typeintro":"作为主体的民众对作为客体的社会管理者、企业、个人及其他各类组织及其政治、社会、道德等方面的取向产生和持有的社会态度。它是较多群众关于社会中各种现象、问题所表达的信念、态度、意见和情绪等等表现的总和。",
    "typetitle":"司法案例库"

}
