{
    "list": [{
        "title": "英语国家政府案例库",
        "value": "555,66"
    }, {
        "title": "俄语国家政府案例库",
        "value": "555,66"
    }, {
        "title": "日语国家政府案例库",
        "value": "555,66"
    }, {
        "title": "英语舆情库",
        "value": "555,66"
    }, {
        "title": "俄语舆情库",
        "value": "555,66"
    }, {
        "title": "英语案例分析库",
        "value": "555,66"
    }],
    "typeintro": "作为主体的民众对作为客体的社会管理者、企业、个人及其他各类组织及其政治、社会、道德等方面的取向产生和持有的社会态度。它是较多群众关于社会中各种现象、问题所表达的信念、态度、意见和情绪等等表现的总和。",
    "typetitle": "党风廉洁建设和反腐败斗争"

}
